"us_state","cat_id","amount"
"AK","shopping_net",973.84
"AL","shopping_pos",4080.93
"AR","shopping_net",1707.05
"AZ","misc_net",1472.87
"CA","shopping_net",2060.15
"CO","shopping_pos",1112.56
"CT","shopping_net",1086.75
"DC","misc_net",968.47
"FL","travel",5579.69
"GA","misc_net",1388.58
"HI","kids_pets",153.63
"IA","misc_pos",959.51
"ID","shopping_net",1093.55
"IL","shopping_net",2592.36
"IN","misc_pos",1517.15
"KS","shopping_pos",755.85
"KY","misc_pos",1374.4
"LA","shopping_pos",1824.09
"MA","misc_net",1099.73
"MD","shopping_net",3878.7
"ME","misc_pos",1414.96
"MI","shopping_net",6818.74
"MN","shopping_net",1067.73
"MO","travel",9455.15
"MS","shopping_pos",1246.71
"MT","shopping_pos",1797.86
"NC","travel",2808.95
"ND","shopping_pos",1034.8
"NE","shopping_pos",1958.19
"NH","travel",1891.59
"NJ","misc_net",1297.79
"NM","misc_pos",1780.84
"NV","misc_net",802.49
"NY","travel",5451.54
"OH","shopping_pos",1275.89
"OK","travel",7123
"OR","shopping_pos",1273.17
"PA","travel",3216.61
"RI","personal_care",147.41
"SC","misc_pos",1637.36
"SD","shopping_net",1609.14
"TN","shopping_net",1042.38
"TX","travel",14112.59
"UT","shopping_pos",1211.06
"VA","shopping_pos",1314.86
"VT","shopping_net",869.57
"WA","shopping_pos",2190.45
"WI","shopping_pos",1504.9
"WV","shopping_net",1121.13
"WY","travel",8845.93
