"us_state","cat_id","total_amount"
"AK","misc_net",1799.6599999999999
"AL","grocery_pos",15706.81
"AR","grocery_pos",13205.719999999998
"AZ","grocery_pos",6173.549999999998
"CA","grocery_pos",26394.87
"CO","grocery_pos",6633.68
"CT","grocery_pos",3183.42
"DC","grocery_pos",2127.96
"FL","grocery_pos",24209.679999999993
"GA","grocery_pos",10182.119999999997
"HI","grocery_pos",854.0899999999999
"IA","grocery_pos",8993.17
"ID","grocery_pos",5169.379999999999
"IL","shopping_net",18138.620000000003
"IN","grocery_pos",13392.069999999996
"KS","grocery_pos",10681.309999999998
"KY","grocery_pos",10457.810000000001
"LA","shopping_pos",11768.12
"MA","gas_transport",4100.800000000001
"MD","grocery_pos",8931.559999999998
"ME","grocery_pos",5796.469999999999
"MI","grocery_pos",19711.1
"MN","grocery_pos",11385.510000000002
"MO","grocery_pos",19408.270000000004
"MS","grocery_pos",10562.399999999998
"MT","grocery_pos",3880.8
"NC","grocery_pos",15600.57
"ND","grocery_pos",7446.22
"NE","grocery_pos",11945.649999999998
"NH","grocery_pos",3354.4300000000003
"NJ","grocery_pos",10553.41
"NM","grocery_pos",5005.239999999999
"NV","gas_transport",1444
"NY","grocery_pos",36591.63999999999
"OH","grocery_pos",20842.640000000003
"OK","grocery_pos",11743.61
"OR","grocery_pos",7763.07
"PA","grocery_pos",34205.94000000001
"RI","home",221.12
"SC","gas_transport",10624.039999999999
"SD","shopping_net",4628.17
"TN","shopping_net",7095.369999999999
"TX","grocery_pos",41071.07
"UT","grocery_pos",4920.21
"VA","grocery_pos",12791.45
"VT","grocery_pos",4855.97
"WA","grocery_pos",11904.900000000001
"WI","grocery_pos",12023.380000000001
"WV","grocery_pos",15388.900000000001
"WY","travel",12506.220000000001
